{
  "response_predictor": {
    "accuracy": [
      0.2857142984867096,
      0.4285714328289032,
      0.4285714328289032,
      0.4285714328289032,
      0.4285714328289032,
      0.5714285969734192,
      0.5714285969734192,
      0.5714285969734192,
      0.4285714328289032,
      0.5714285969734192,
      0.5714285969734192,
      0.5714285969734192,
      0.7142857313156128,
      0.7142857313156128,
      0.5714285969734192,
      0.5714285969734192,
      0.7142857313156128,
      0.7142857313156128,
      0.7142857313156128,
      0.5714285969734192
    ],
    "loss": [
      1.0827317237854004,
      1.106713056564331,
      1.0447455644607544,
      1.039551854133606,
      1.0226571559906006,
      0.9605767130851746,
      1.0121269226074219,
      1.0226975679397583,
      1.0012316703796387,
      0.9827094078063965,
      1.0024738311767578,
      0.9666654467582703,
      0.9287278056144714,
      0.9466920495033264,
      0.9305533170700073,
      0.9209041595458984,
      0.8961449265480042,
      0.8976618647575378,
      0.9031645059585571,
      0.9162469506263733
    ],
    "val_accuracy": [
      0.0,
      0.0,
      0.0,
      0.0,
      0.0,
      0.0,
      0.0,
      0.5,
      0.5,
      0.5,
      0.5,
      0.5,
      0.5,
      0.5,
      0.5,
      0.5,
      0.5,
      0.5,
      0.5,
      0.5
    ],
    "val_loss": [
      1.135467767715454,
      1.1292816400527954,
      1.1232346296310425,
      1.1165350675582886,
      1.1095855236053467,
      1.103562831878662,
      1.0976617336273193,
      1.0917295217514038,
      1.084965705871582,
      1.0781009197235107,
      1.0710797309875488,
      1.0638453960418701,
      1.055558681488037,
      1.0466222763061523,
      1.0355147123336792,
      1.0247774124145508,
      1.014731526374817,
      1.0039550065994263,
      0.9928581714630127,
      0.9811770915985107
    ]
  },
  "quality_predictor": {
    "accuracy": [
      0.4285714328289032,
      0.2857142984867096,
      0.7142857313156128,
      0.4285714328289032,
      0.5714285969734192,
      0.5714285969734192,
      0.8571428656578064,
      0.8571428656578064,
      0.7142857313156128,
      0.5714285969734192,
      0.7142857313156128,
      0.7142857313156128,
      0.7142857313156128,
      0.7142857313156128,
      0.7142857313156128,
      0.7142857313156128,
      0.7142857313156128,
      0.7142857313156128,
      0.7142857313156128,
      0.7142857313156128
    ],
    "loss": [
      0.6985507607460022,
      0.7058700919151306,
      0.6866135001182556,
      0.692895233631134,
      0.6883693337440491,
      0.6899743676185608,
      0.6781701445579529,
      0.6554645299911499,
      0.6625197529792786,
      0.6634200215339661,
      0.6565408110618591,
      0.658994197845459,
      0.6412051320075989,
      0.6541820168495178,
      0.640191912651062,
      0.6329062581062317,
      0.644358217716217,
      0.6221960783004761,
      0.6583539247512817,
      0.6142142415046692
    ],
    "val_accuracy": [
      0.5,
      0.5,
      0.5,
      0.5,
      0.5,
      0.5,
      0.5,
      0.5,
      0.5,
      0.5,
      0.5,
      0.5,
      0.5,
      0.5,
      0.5,
      0.5,
      0.5,
      0.5,
      0.5,
      0.5
    ],
    "val_loss": [
      0.6967891454696655,
      0.6947506666183472,
      0.6923437714576721,
      0.6904900670051575,
      0.6889286041259766,
      0.6873902082443237,
      0.6855511665344238,
      0.6835168600082397,
      0.6811926364898682,
      0.6792702674865723,
      0.677492618560791,
      0.6758195161819458,
      0.6745366454124451,
      0.6741021871566772,
      0.6738015413284302,
      0.6732121109962463,
      0.6726787090301514,
      0.6722395420074463,
      0.6714963912963867,
      0.6706268787384033
    ]
  }
}